Tienda,Departamento,Fecha,Ventas_semanales,esvacaciones
1,1,05/02/2010,24924.5,FALSE
1,1,12/02/2010,46039.49,TRUE
1,1,19/02/2010,41595.55,FALSE
1,1,26/02/2010,19403.54,FALSE
1,1,05/03/2010,21827.9,FALSE
1,1,12/03/2010,21043.39,FALSE
1,1,19/03/2010,22136.64,FALSE
1,1,26/03/2010,26229.21,FALSE
1,1,02/04/2010,57258.43,FALSE
1,1,09/04/2010,42960.91,FALSE
1,1,16/04/2010,17596.96,FALSE
1,1,23/04/2010,16145.35,FALSE
1,1,30/04/2010,16555.11,FALSE
1,1,07/05/2010,17413.94,FALSE
1,1,14/05/2010,18926.74,FALSE
1,1,21/05/2010,14773.04,FALSE
1,1,28/05/2010,15580.43,FALSE
1,1,04/06/2010,17558.09,FALSE
1,1,11/06/2010,16637.62,FALSE
1,1,18/06/2010,16216.27,FALSE
1,1,25/06/2010,16328.72,FALSE
1,1,02/07/2010,16333.14,FALSE
1,1,09/07/2010,17688.76,FALSE
1,1,16/07/2010,17150.84,FALSE
1,1,23/07/2010,15360.45,FALSE
1,1,30/07/2010,15381.82,FALSE
1,1,06/08/2010,17508.41,FALSE
1,1,13/08/2010,15536.4,FALSE
1,1,20/08/2010,15740.13,FALSE
1,1,27/08/2010,15793.87,FALSE
1,1,03/09/2010,16241.78,FALSE
1,1,10/09/2010,18194.74,TRUE
1,1,17/09/2010,19354.23,FALSE
1,1,24/09/2010,18122.52,FALSE
1,1,01/10/2010,20094.19,FALSE
1,1,08/10/2010,23388.03,FALSE
1,1,15/10/2010,26978.34,FALSE
1,1,22/10/2010,25543.04,FALSE
1,1,29/10/2010,38640.93,FALSE
1,1,05/11/2010,34238.88,FALSE
1,1,12/11/2010,19549.39,FALSE
1,1,19/11/2010,19552.84,FALSE
1,1,26/11/2010,18820.29,TRUE
1,1,03/12/2010,22517.56,FALSE
1,1,10/12/2010,31497.65,FALSE
1,1,17/12/2010,44912.86,FALSE
1,1,24/12/2010,55931.23,FALSE
1,1,31/12/2010,19124.58,TRUE
1,1,07/01/2011,15984.24,FALSE
1,1,14/01/2011,17359.7,FALSE
1,1,21/01/2011,17341.47,FALSE
1,1,28/01/2011,18461.18,FALSE
1,1,04/02/2011,21665.76,FALSE
1,1,11/02/2011,37887.17,TRUE
1,1,18/02/2011,46845.87,FALSE
1,1,25/02/2011,19363.83,FALSE
1,1,04/03/2011,20327.61,FALSE
1,1,11/03/2011,21280.4,FALSE
1,1,18/03/2011,20334.23,FALSE
1,1,25/03/2011,20881.1,FALSE
1,1,01/04/2011,20398.09,FALSE
1,1,08/04/2011,23873.79,FALSE
1,1,15/04/2011,28762.37,FALSE
1,1,22/04/2011,50510.31,FALSE
1,1,29/04/2011,41512.39,FALSE
1,1,06/05/2011,20138.19,FALSE
1,1,13/05/2011,17235.15,FALSE
1,1,20/05/2011,15136.78,FALSE
1,1,27/05/2011,15741.6,FALSE
1,1,03/06/2011,16434.15,FALSE
1,1,10/06/2011,15883.52,FALSE
1,1,17/06/2011,14978.09,FALSE
1,1,24/06/2011,15682.81,FALSE
1,1,01/07/2011,15363.5,FALSE
1,1,08/07/2011,16148.87,FALSE
1,1,15/07/2011,15654.85,FALSE
1,1,22/07/2011,15766.6,FALSE
1,1,29/07/2011,15922.41,FALSE
1,1,05/08/2011,15295.55,FALSE
1,1,12/08/2011,14539.79,FALSE
1,1,19/08/2011,14689.24,FALSE
1,1,26/08/2011,14537.37,FALSE
1,1,02/09/2011,15277.27,FALSE
1,1,09/09/2011,17746.68,TRUE
1,1,16/09/2011,18535.48,FALSE
1,1,23/09/2011,17859.3,FALSE
1,1,30/09/2011,18337.68,FALSE
1,1,07/10/2011,20797.58,FALSE
1,1,14/10/2011,23077.55,FALSE
1,1,21/10/2011,23351.8,FALSE
1,1,28/10/2011,31579.9,FALSE
1,1,04/11/2011,39886.06,FALSE
1,1,11/11/2011,18689.54,FALSE
1,1,18/11/2011,19050.66,FALSE
1,1,25/11/2011,20911.25,TRUE
1,1,02/12/2011,25293.49,FALSE
1,1,09/12/2011,33305.92,FALSE
1,1,16/12/2011,45773.03,FALSE
1,1,23/12/2011,46788.75,FALSE
1,1,30/12/2011,23350.88,TRUE
1,1,06/01/2012,16567.69,FALSE
1,1,13/01/2012,16894.4,FALSE
1,1,20/01/2012,18365.1,FALSE
1,1,27/01/2012,18378.16,FALSE
1,1,03/02/2012,23510.49,FALSE
1,1,10/02/2012,36988.49,TRUE
1,1,17/02/2012,54060.1,FALSE
1,1,24/02/2012,20124.22,FALSE
1,1,02/03/2012,20113.03,FALSE
1,1,09/03/2012,21140.07,FALSE
1,1,16/03/2012,22366.88,FALSE
1,1,23/03/2012,22107.7,FALSE
1,1,30/03/2012,28952.86,FALSE
1,1,06/04/2012,57592.12,FALSE
1,1,13/04/2012,34684.21,FALSE
1,1,20/04/2012,16976.19,FALSE
1,1,27/04/2012,16347.6,FALSE
1,1,04/05/2012,17147.44,FALSE
1,1,11/05/2012,18164.2,FALSE
1,1,18/05/2012,18517.79,FALSE
1,1,25/05/2012,16963.55,FALSE
1,1,01/06/2012,16065.49,FALSE
1,1,08/06/2012,17666,FALSE
1,1,15/06/2012,17558.82,FALSE
1,1,22/06/2012,16633.41,FALSE
1,1,29/06/2012,15722.82,FALSE
1,1,06/07/2012,17823.37,FALSE
1,1,13/07/2012,16566.18,FALSE
1,1,20/07/2012,16348.06,FALSE
1,1,27/07/2012,15731.18,FALSE
1,1,03/08/2012,16628.31,FALSE
1,1,10/08/2012,16119.92,FALSE
1,1,17/08/2012,17330.7,FALSE
1,1,24/08/2012,16286.4,FALSE
1,1,31/08/2012,16680.24,FALSE
1,1,07/09/2012,18322.37,TRUE
1,1,14/09/2012,19616.22,FALSE
1,1,21/09/2012,19251.5,FALSE
1,1,28/09/2012,18947.81,FALSE
1,1,05/10/2012,21904.47,FALSE
1,1,12/10/2012,22764.01,FALSE
1,1,19/10/2012,24185.27,FALSE
1,1,26/10/2012,27390.81,FALSE
1,2,05/02/2010,50605.27,FALSE
1,2,12/02/2010,44682.74,TRUE
1,2,19/02/2010,47928.89,FALSE
1,2,26/02/2010,44292.87,FALSE
1,2,05/03/2010,48397.98,FALSE
1,2,12/03/2010,43751.94,FALSE
1,2,19/03/2010,43615.49,FALSE
1,2,26/03/2010,41892.55,FALSE
1,2,02/04/2010,47450.5,FALSE
1,2,09/04/2010,46549.73,FALSE
1,2,16/04/2010,45025.02,FALSE
1,2,23/04/2010,44418.11,FALSE
1,2,30/04/2010,45971.3,FALSE
1,2,07/05/2010,47903.01,FALSE
1,2,14/05/2010,43675.61,FALSE
1,2,21/05/2010,44319.15,FALSE
1,2,28/05/2010,44619.52,FALSE
1,2,04/06/2010,48754.47,FALSE
1,2,11/06/2010,47089.54,FALSE
1,2,18/06/2010,44428.71,FALSE
1,2,25/06/2010,45299.92,FALSE
1,2,02/07/2010,47077.72,FALSE
1,2,09/07/2010,46752.12,FALSE
1,2,16/07/2010,44339.2,FALSE
1,2,23/07/2010,44763.33,FALSE
1,2,30/07/2010,45833.77,FALSE
1,2,06/08/2010,50031.73,FALSE
1,2,13/08/2010,45475.69,FALSE
1,2,20/08/2010,49754.17,FALSE
1,2,27/08/2010,49623.53,FALSE
1,2,03/09/2010,49015.05,FALSE
1,2,10/09/2010,45182.5,TRUE
1,2,17/09/2010,44681.64,FALSE
1,2,24/09/2010,42477.49,FALSE
1,2,01/10/2010,45829.02,FALSE
1,2,08/10/2010,46387.54,FALSE
1,2,15/10/2010,43110.79,FALSE
1,2,22/10/2010,42371.48,FALSE
1,2,29/10/2010,44081.33,FALSE
1,2,05/11/2010,46381.43,FALSE
1,2,12/11/2010,43194.49,FALSE
1,2,19/11/2010,41443.25,FALSE
1,2,26/11/2010,45681.98,TRUE
1,2,03/12/2010,44405.02,FALSE
1,2,10/12/2010,46955.82,FALSE
1,2,17/12/2010,49303.28,FALSE
1,2,24/12/2010,59889.32,FALSE
1,2,31/12/2010,35819.83,TRUE
1,2,07/01/2011,43202.29,FALSE
1,2,14/01/2011,39857.4,FALSE
1,2,21/01/2011,41596.99,FALSE
1,2,28/01/2011,41651.01,FALSE
1,2,04/02/2011,46829.12,FALSE
1,2,11/02/2011,47595.35,TRUE
1,2,18/02/2011,49202.06,FALSE
1,2,25/02/2011,46165.25,FALSE
1,2,04/03/2011,53035.54,FALSE
1,2,11/03/2011,48465.72,FALSE
1,2,18/03/2011,45222.3,FALSE
1,2,25/03/2011,44293.54,FALSE
1,2,01/04/2011,46991.58,FALSE
1,2,08/04/2011,48501.79,FALSE
1,2,15/04/2011,44464.74,FALSE
1,2,22/04/2011,46544.56,FALSE
1,2,29/04/2011,43682.41,FALSE
1,2,06/05/2011,50139.92,FALSE
1,2,13/05/2011,44274.15,FALSE
1,2,20/05/2011,44302.11,FALSE
1,2,27/05/2011,45072.11,FALSE
1,2,03/06/2011,47844.27,FALSE
1,2,10/06/2011,46363.93,FALSE
1,2,17/06/2011,42939.63,FALSE
1,2,24/06/2011,42415.81,FALSE
1,2,01/07/2011,45247.74,FALSE
1,2,08/07/2011,44623.23,FALSE
1,2,15/07/2011,43260.96,FALSE
1,2,22/07/2011,45113.56,FALSE
1,2,29/07/2011,43191.02,FALSE
1,2,05/08/2011,49359.75,FALSE
1,2,12/08/2011,45341.92,FALSE
1,2,19/08/2011,46391.12,FALSE
1,2,26/08/2011,47659.93,FALSE
1,2,02/09/2011,49419.75,FALSE
1,2,09/09/2011,43315.85,TRUE
1,2,16/09/2011,42963.96,FALSE
1,2,23/09/2011,43390.94,FALSE
1,2,30/09/2011,46045.09,FALSE
1,2,07/10/2011,49880.69,FALSE
1,2,14/10/2011,43306.38,FALSE
1,2,21/10/2011,42487.67,FALSE
1,2,28/10/2011,41682.4,FALSE
1,2,04/11/2011,47313.62,FALSE
1,2,11/11/2011,44936.47,FALSE
1,2,18/11/2011,43997.78,FALSE
1,2,25/11/2011,44259.59,TRUE
1,2,02/12/2011,45928.14,FALSE
1,2,09/12/2011,49357.43,FALSE
1,2,16/12/2011,51137.42,FALSE
1,2,23/12/2011,65615.36,FALSE
1,2,30/12/2011,43539.94,TRUE
1,2,06/01/2012,44481.38,FALSE
1,2,13/01/2012,43353.09,FALSE
1,2,20/01/2012,43753.43,FALSE
1,2,27/01/2012,41556.23,FALSE
1,2,03/02/2012,54322.24,FALSE
1,2,10/02/2012,50581.06,TRUE
1,2,17/02/2012,46085.47,FALSE
1,2,24/02/2012,47080.12,FALSE
1,2,02/03/2012,52608.51,FALSE
1,2,09/03/2012,48563.69,FALSE
1,2,16/03/2012,47346.32,FALSE
1,2,23/03/2012,44796.03,FALSE
1,2,30/03/2012,46529.68,FALSE
1,2,06/04/2012,51805.88,FALSE
1,2,13/04/2012,43991.18,FALSE
1,2,20/04/2012,45561.85,FALSE
1,2,27/04/2012,45456.23,FALSE
1,2,04/05/2012,50501.3,FALSE
1,2,11/05/2012,46717.76,FALSE
1,2,18/05/2012,44411.23,FALSE
1,2,25/05/2012,45817.07,FALSE
1,2,01/06/2012,47425.29,FALSE
1,2,08/06/2012,49439.58,FALSE
1,2,15/06/2012,46637.48,FALSE
1,2,22/06/2012,46075,FALSE
1,2,29/06/2012,47629.14,FALSE
1,2,06/07/2012,49771.92,FALSE
1,2,13/07/2012,44411.95,FALSE
1,2,20/07/2012,45108.22,FALSE
1,2,27/07/2012,45008.22,FALSE
1,2,03/08/2012,49424.06,FALSE
1,2,10/08/2012,46729.91,FALSE
1,2,17/08/2012,46350.97,FALSE
1,2,24/08/2012,44972.52,FALSE
1,2,31/08/2012,50995.5,FALSE
1,2,07/09/2012,47344.5,TRUE
1,2,14/09/2012,44493.61,FALSE
1,2,21/09/2012,43541.07,FALSE
1,2,28/09/2012,45784.76,FALSE
1,2,05/10/2012,48577.08,FALSE
1,2,12/10/2012,42112.67,FALSE
1,2,19/10/2012,42354.72,FALSE
1,2,26/10/2012,43134.88,FALSE
1,3,05/02/2010,13740.12,FALSE
1,3,12/02/2010,10887.84,TRUE
1,3,19/02/2010,11523.47,FALSE
1,3,26/02/2010,11135.17,FALSE
1,3,05/03/2010,12275.58,FALSE
1,3,12/03/2010,10123.45,FALSE
1,3,19/03/2010,9001.37,FALSE
1,3,26/03/2010,10366.85,FALSE
1,3,02/04/2010,11157.08,FALSE
1,3,09/04/2010,10179.29,FALSE
1,3,16/04/2010,9226.8,FALSE
1,3,23/04/2010,8868.93,FALSE
1,3,30/04/2010,9337.44,FALSE
1,3,07/05/2010,9372.8,FALSE
1,3,14/05/2010,7919.86,FALSE
1,3,21/05/2010,7813.91,FALSE
1,3,28/05/2010,8412.69,FALSE
1,3,04/06/2010,8001.41,FALSE
1,3,11/06/2010,7742.75,FALSE
1,3,18/06/2010,8201.06,FALSE
1,3,25/06/2010,6591.22,FALSE
1,3,02/07/2010,7857.88,FALSE
1,3,09/07/2010,8112.67,FALSE
1,3,16/07/2010,13751.3,FALSE
1,3,23/07/2010,16930.62,FALSE
1,3,30/07/2010,20915.95,FALSE
1,3,06/08/2010,26719.02,FALSE
1,3,13/08/2010,30640.54,FALSE
1,3,20/08/2010,41101.93,FALSE
1,3,27/08/2010,51159.17,FALSE
1,3,03/09/2010,19081.8,FALSE
1,3,10/09/2010,12134.69,TRUE
1,3,17/09/2010,10722.46,FALSE
1,3,24/09/2010,8097.92,FALSE
1,3,01/10/2010,9775.17,FALSE
1,3,08/10/2010,10081.8,FALSE
1,3,15/10/2010,9735.73,FALSE
1,3,22/10/2010,8614.41,FALSE
1,3,29/10/2010,9283.09,FALSE
1,3,05/11/2010,9825.22,FALSE
1,3,12/11/2010,9146.77,FALSE
1,3,19/11/2010,9202.11,FALSE
1,3,26/11/2010,10706.81,TRUE
1,3,03/12/2010,10856.85,FALSE
1,3,10/12/2010,11219.78,FALSE
1,3,17/12/2010,11986.84,FALSE
1,3,24/12/2010,12080.36,FALSE
1,3,31/12/2010,8266.14,TRUE
1,3,07/01/2011,15808.15,FALSE
1,3,14/01/2011,13275.87,FALSE
1,3,21/01/2011,12532.94,FALSE
1,3,28/01/2011,11983.34,FALSE
1,3,04/02/2011,11012.52,FALSE
1,3,11/02/2011,11428.25,TRUE
1,3,18/02/2011,11724.98,FALSE
1,3,25/02/2011,10473.78,FALSE
1,3,04/03/2011,11039.12,FALSE
1,3,11/03/2011,10689.97,FALSE
1,3,18/03/2011,8148.69,FALSE
1,3,25/03/2011,9049.02,FALSE
1,3,01/04/2011,8734.19,FALSE
1,3,08/04/2011,10417.33,FALSE
1,3,15/04/2011,8212.97,FALSE
1,3,22/04/2011,8468.72,FALSE
1,3,29/04/2011,8653.62,FALSE
1,3,06/05/2011,10420.92,FALSE
1,3,13/05/2011,8732.46,FALSE
1,3,20/05/2011,7939.01,FALSE
1,3,27/05/2011,8120.7,FALSE
1,3,03/06/2011,8853.89,FALSE
1,3,10/06/2011,7508.71,FALSE
1,3,17/06/2011,7658.75,FALSE
1,3,24/06/2011,6165.73,FALSE
1,3,01/07/2011,8070.64,FALSE
1,3,08/07/2011,7366.5,FALSE
1,3,15/07/2011,11578.11,FALSE
1,3,22/07/2011,16069.5,FALSE
1,3,29/07/2011,21331.51,FALSE
1,3,05/08/2011,31248.98,FALSE
1,3,12/08/2011,32148.93,FALSE
1,3,19/08/2011,41603.11,FALSE
1,3,26/08/2011,49775.52,FALSE
1,3,02/09/2011,19604.47,FALSE
1,3,09/09/2011,12778.28,TRUE
1,3,16/09/2011,10412.88,FALSE
1,3,23/09/2011,9755.56,FALSE
1,3,30/09/2011,10434.83,FALSE
1,3,07/10/2011,9977.96,FALSE
1,3,14/10/2011,9870.22,FALSE
1,3,21/10/2011,10136.78,FALSE
1,3,28/10/2011,9421.2,FALSE
1,3,04/11/2011,9189.2,FALSE
1,3,11/11/2011,9959.64,FALSE
1,3,18/11/2011,10104.36,FALSE
1,3,25/11/2011,9317.56,TRUE
1,3,02/12/2011,10146.54,FALSE
1,3,09/12/2011,12955.55,FALSE
1,3,16/12/2011,13180.05,FALSE
1,3,23/12/2011,13667.88,FALSE
1,3,30/12/2011,8848.44,TRUE
1,3,06/01/2012,13926.04,FALSE
1,3,13/01/2012,13822.49,FALSE
1,3,20/01/2012,11702.08,FALSE
1,3,27/01/2012,10613.17,FALSE
1,3,03/02/2012,12485.78,FALSE
1,3,10/02/2012,12388.85,TRUE
1,3,17/02/2012,10237.78,FALSE
1,3,24/02/2012,10502.4,FALSE
1,3,02/03/2012,11387.31,FALSE
1,3,09/03/2012,11925.71,FALSE
1,3,16/03/2012,8845.73,FALSE
1,3,23/03/2012,7910.22,FALSE
1,3,30/03/2012,9129.23,FALSE
1,3,06/04/2012,9335.24,FALSE
1,3,13/04/2012,7927.73,FALSE
1,3,20/04/2012,8647.36,FALSE
1,3,27/04/2012,8635.62,FALSE
1,3,04/05/2012,10655.35,FALSE
1,3,11/05/2012,10342.72,FALSE
1,3,18/05/2012,8609.82,FALSE
1,3,25/05/2012,8345.33,FALSE
1,3,01/06/2012,7175.77,FALSE
1,3,08/06/2012,8614.64,FALSE
1,3,15/06/2012,8016.26,FALSE
1,3,22/06/2012,7301.41,FALSE
1,3,29/06/2012,7577.59,FALSE
1,3,06/07/2012,8473.71,FALSE
1,3,13/07/2012,13126.15,FALSE
1,3,20/07/2012,20126.95,FALSE
1,3,27/07/2012,22716.7,FALSE
1,3,03/08/2012,30331.69,FALSE
1,3,10/08/2012,28257.3,FALSE
1,3,17/08/2012,31905.97,FALSE
1,3,24/08/2012,43712.78,FALSE
1,3,31/08/2012,50701.3,FALSE
1,3,07/09/2012,18368.51,TRUE
1,3,14/09/2012,14288.22,FALSE
1,3,21/09/2012,13403.63,FALSE
1,3,28/09/2012,13085.95,FALSE
1,3,05/10/2012,11676.98,FALSE
1,3,12/10/2012,10487.17,FALSE
1,3,19/10/2012,8548.87,FALSE
1,3,26/10/2012,9350.9,FALSE
1,4,05/02/2010,39954.04,FALSE
1,4,12/02/2010,35351.21,TRUE
1,4,19/02/2010,36826.95,FALSE
1,4,26/02/2010,34660.16,FALSE
1,4,05/03/2010,38086.19,FALSE
1,4,12/03/2010,32668.67,FALSE
1,4,19/03/2010,34118.11,FALSE
1,4,26/03/2010,33872.07,FALSE
1,4,02/04/2010,37809.49,FALSE
1,4,09/04/2010,36174.43,FALSE
1,4,16/04/2010,34740.19,FALSE
1,4,23/04/2010,33806.71,FALSE
1,4,30/04/2010,33437.8,FALSE
1,4,07/05/2010,37168.34,FALSE
1,4,14/05/2010,33657.7,FALSE
1,4,21/05/2010,35571.47,FALSE
1,4,28/05/2010,36380.36,FALSE
1,4,04/06/2010,40548.19,FALSE
1,4,11/06/2010,36579.96,FALSE
1,4,18/06/2010,35059.52,FALSE
1,4,25/06/2010,34454.69,FALSE
1,4,02/07/2010,39773.71,FALSE
1,4,09/07/2010,39781.45,FALSE
1,4,16/07/2010,35234.66,FALSE
1,4,23/07/2010,36624.71,FALSE
1,4,30/07/2010,36419.68,FALSE
1,4,06/08/2010,40973.88,FALSE
1,4,13/08/2010,36461.66,FALSE
1,4,20/08/2010,39706.1,FALSE
1,4,27/08/2010,36404.6,FALSE
1,4,03/09/2010,38321.88,FALSE
1,4,10/09/2010,36603.78,TRUE
1,4,17/09/2010,33999.01,FALSE
1,4,24/09/2010,32497.43,FALSE
1,4,01/10/2010,34912.45,FALSE
1,4,08/10/2010,35772.82,FALSE
1,4,15/10/2010,34693.27,FALSE
1,4,22/10/2010,32902.26,FALSE
1,4,29/10/2010,35202.44,FALSE
1,4,05/11/2010,37980.55,FALSE
1,4,12/11/2010,35008.03,FALSE
1,4,19/11/2010,37078.61,FALSE
1,4,26/11/2010,46201.27,TRUE
1,4,03/12/2010,37110.55,FALSE
1,4,10/12/2010,36364.31,FALSE
1,4,17/12/2010,39154.41,FALSE
1,4,24/12/2010,47893.23,FALSE
1,4,31/12/2010,36913.8,TRUE
1,4,07/01/2011,37947.8,FALSE
1,4,14/01/2011,34393.95,FALSE
1,4,21/01/2011,33735.58,FALSE
1,4,28/01/2011,32905.88,FALSE
1,4,04/02/2011,35870.49,FALSE
1,4,11/02/2011,37373.33,TRUE
1,4,18/02/2011,36479.25,FALSE
1,4,25/02/2011,33677.18,FALSE
1,4,04/03/2011,37943.96,FALSE
1,4,11/03/2011,35229.12,FALSE
1,4,18/03/2011,34863.03,FALSE
1,4,25/03/2011,34813.12,FALSE
1,4,01/04/2011,34451.9,FALSE
1,4,08/04/2011,36514.43,FALSE
1,4,15/04/2011,33466.89,FALSE
1,4,22/04/2011,35132.7,FALSE
1,4,29/04/2011,34528.56,FALSE
1,4,06/05/2011,37827.69,FALSE
1,4,13/05/2011,33471.81,FALSE
1,4,20/05/2011,34137.41,FALSE
1,4,27/05/2011,36790.72,FALSE
1,4,03/06/2011,42508.02,FALSE
1,4,10/06/2011,35376.06,FALSE
1,4,17/06/2011,35523.17,FALSE
1,4,24/06/2011,35062.02,FALSE
1,4,01/07/2011,36451.71,FALSE
1,4,08/07/2011,39149.99,FALSE
1,4,15/07/2011,33930.8,FALSE
1,4,22/07/2011,34630.02,FALSE
1,4,29/07/2011,35555.5,FALSE
1,4,05/08/2011,39339.09,FALSE
1,4,12/08/2011,37449.94,FALSE
1,4,19/08/2011,39148.87,FALSE
1,4,26/08/2011,37495.2,FALSE
1,4,02/09/2011,36589.07,FALSE
1,4,09/09/2011,35105.96,TRUE
1,4,16/09/2011,34108.12,FALSE
1,4,23/09/2011,32655.07,FALSE
1,4,30/09/2011,32830.81,FALSE
1,4,07/10/2011,37397.63,FALSE
1,4,14/10/2011,35000.3,FALSE
1,4,21/10/2011,33954.55,FALSE
1,4,28/10/2011,34247.26,FALSE
1,4,04/11/2011,39354.84,FALSE
1,4,11/11/2011,36826.52,FALSE
1,4,18/11/2011,37656.58,FALSE
1,4,25/11/2011,46564.14,TRUE
1,4,02/12/2011,38489.63,FALSE
1,4,09/12/2011,38729.31,FALSE
1,4,16/12/2011,38266.47,FALSE
1,4,23/12/2011,47785.93,FALSE
1,4,30/12/2011,37371.22,TRUE
1,4,06/01/2012,40925.76,FALSE
1,4,13/01/2012,36582.36,FALSE
1,4,20/01/2012,33780.2,FALSE
1,4,27/01/2012,33613.91,FALSE
1,4,03/02/2012,40274.83,FALSE
1,4,10/02/2012,39305.13,TRUE
1,4,17/02/2012,36550.46,FALSE
1,4,24/02/2012,34953.85,FALSE
1,4,02/03/2012,38459.98,FALSE
1,4,09/03/2012,38934.77,FALSE
1,4,16/03/2012,38125.32,FALSE
1,4,23/03/2012,36586.52,FALSE
1,4,30/03/2012,37718.51,FALSE
1,4,06/04/2012,42060.21,FALSE
1,4,13/04/2012,37449.26,FALSE
1,4,20/04/2012,36350.03,FALSE
1,4,27/04/2012,36894.54,FALSE
1,4,04/05/2012,41897.55,FALSE
1,4,11/05/2012,35840.06,FALSE
1,4,18/05/2012,34536.29,FALSE
1,4,25/05/2012,38270.34,FALSE
1,4,01/06/2012,41566.55,FALSE
1,4,08/06/2012,41124.27,FALSE
1,4,15/06/2012,39019.74,FALSE
1,4,22/06/2012,37400.31,FALSE
1,4,29/06/2012,39758.77,FALSE
1,4,06/07/2012,44936.96,FALSE
1,4,13/07/2012,38073.91,FALSE
1,4,20/07/2012,38080.05,FALSE
1,4,27/07/2012,35197.59,FALSE
1,4,03/08/2012,41305.39,FALSE
1,4,10/08/2012,40343.83,FALSE
1,4,17/08/2012,38105.9,FALSE
1,4,24/08/2012,36674.67,FALSE
1,4,31/08/2012,37802.97,FALSE
1,4,07/09/2012,39549.27,TRUE
1,4,14/09/2012,35044.06,FALSE
1,4,21/09/2012,34507.34,FALSE
1,4,28/09/2012,34647.33,FALSE
1,4,05/10/2012,39311.93,FALSE
1,4,12/10/2012,35446.18,FALSE
1,4,19/10/2012,35549.19,FALSE
1,4,26/10/2012,36292.6,FALSE
1,5,05/02/2010,32229.38,FALSE
1,5,12/02/2010,29620.81,TRUE
1,5,19/02/2010,26468.27,FALSE
1,5,26/02/2010,24101.89,FALSE
1,5,05/03/2010,23082.14,FALSE
1,5,12/03/2010,21498.92,FALSE
1,5,19/03/2010,22632.57,FALSE
1,5,26/03/2010,38971.89,FALSE
1,5,02/04/2010,29967.92,FALSE
1,5,09/04/2010,18516.45,FALSE
1,5,16/04/2010,11570.27,FALSE
1,5,23/04/2010,24763.98,FALSE
1,5,30/04/2010,22006.41,FALSE
1,5,07/05/2010,19260.44,FALSE
1,5,14/05/2010,16891.66,FALSE
1,5,21/05/2010,16157.17,FALSE
1,5,28/05/2010,15784.6,FALSE
1,5,04/06/2010,22932.26,FALSE
1,5,11/06/2010,21817.36,FALSE
1,5,18/06/2010,19778.44,FALSE
1,5,25/06/2010,19054.58,FALSE
1,5,02/07/2010,18887.71,FALSE
1,5,09/07/2010,20249.54,FALSE
1,5,16/07/2010,17918.22,FALSE
1,5,23/07/2010,17313.46,FALSE
1,5,30/07/2010,16472.48,FALSE
1,5,06/08/2010,16926.17,FALSE
1,5,13/08/2010,15544.62,FALSE
1,5,20/08/2010,15412.44,FALSE
1,5,27/08/2010,13570.32,FALSE
1,5,03/09/2010,15390.52,FALSE
1,5,10/09/2010,17776.56,TRUE
1,5,17/09/2010,15862.61,FALSE
1,5,24/09/2010,17039.38,FALSE
1,5,01/10/2010,23381.38,FALSE
1,5,08/10/2010,19853.57,FALSE
1,5,15/10/2010,20443.05,FALSE
1,5,22/10/2010,19525.85,FALSE
1,5,29/10/2010,16377.46,FALSE
1,5,05/11/2010,23903.81,FALSE
1,5,12/11/2010,23698.89,FALSE
1,5,19/11/2010,24716.49,FALSE
1,5,26/11/2010,70158.86,TRUE
1,5,03/12/2010,36472.02,FALSE
1,5,10/12/2010,49517.17,FALSE
1,5,17/12/2010,59589.48,FALSE
1,5,24/12/2010,85676.09,FALSE
1,5,31/12/2010,32280.82,TRUE
1,5,07/01/2011,22699.69,FALSE
1,5,14/01/2011,17445.37,FALSE
1,5,21/01/2011,18438.07,FALSE
1,5,28/01/2011,22118.7,FALSE
1,5,04/02/2011,31280.62,FALSE
1,5,11/02/2011,36667.65,TRUE
1,5,18/02/2011,31092.62,FALSE
1,5,25/02/2011,23870.31,FALSE
1,5,04/03/2011,28902.37,FALSE
1,5,11/03/2011,23704.37,FALSE
1,5,18/03/2011,22685.69,FALSE
1,5,25/03/2011,18719.22,FALSE
1,5,01/04/2011,23598.55,FALSE
1,5,08/04/2011,22393.09,FALSE
1,5,15/04/2011,22719.82,FALSE
1,5,22/04/2011,21786.16,FALSE
1,5,29/04/2011,17503.28,FALSE
1,5,06/05/2011,16195.54,FALSE
1,5,13/05/2011,15587.78,FALSE
1,5,20/05/2011,15575.25,FALSE
1,5,27/05/2011,16613.98,FALSE
1,5,03/06/2011,16848.76,FALSE
1,5,10/06/2011,18648.73,FALSE
1,5,17/06/2011,17861.56,FALSE
1,5,24/06/2011,21695.24,FALSE
1,5,01/07/2011,19239.86,FALSE
1,5,08/07/2011,17989.45,FALSE
1,5,15/07/2011,18444.8,FALSE
1,5,22/07/2011,19331.53,FALSE
1,5,29/07/2011,17406.68,FALSE
1,5,05/08/2011,21183.42,FALSE
1,5,12/08/2011,21320.93,FALSE
1,5,19/08/2011,18643.51,FALSE
1,5,26/08/2011,15478.26,FALSE
1,5,02/09/2011,20432.91,FALSE
1,5,09/09/2011,19075.78,TRUE
1,5,16/09/2011,19386.23,FALSE
1,5,23/09/2011,20562.37,FALSE
1,5,30/09/2011,16385.37,FALSE
1,5,07/10/2011,30352.06,FALSE
1,5,14/10/2011,22917.89,FALSE
1,5,21/10/2011,32700.34,FALSE
1,5,28/10/2011,26391.79,FALSE
1,5,04/11/2011,31956.07,FALSE
1,5,11/11/2011,31002.65,FALSE
1,5,18/11/2011,27339.37,FALSE
1,5,25/11/2011,79340.15,TRUE
1,5,02/12/2011,32572.27,FALSE
1,5,09/12/2011,41782.13,FALSE
1,5,16/12/2011,43479.7,FALSE
1,5,23/12/2011,61483.82,FALSE
1,5,30/12/2011,34981.76,TRUE
1,5,06/01/2012,23105.81,FALSE
1,5,13/01/2012,19281.61,FALSE
1,5,20/01/2012,19298.42,FALSE
1,5,27/01/2012,21376.42,FALSE
1,5,03/02/2012,28307.43,FALSE
1,5,10/02/2012,38096.04,TRUE
1,5,17/02/2012,46219.96,FALSE
1,5,24/02/2012,30797.88,FALSE
1,5,02/03/2012,30642.53,FALSE
1,5,09/03/2012,25492.21,FALSE
1,5,16/03/2012,29345.72,FALSE
1,5,23/03/2012,25442.13,FALSE
1,5,30/03/2012,22392.09,FALSE
1,5,06/04/2012,28386.81,FALSE
1,5,13/04/2012,18458.33,FALSE
1,5,20/04/2012,16645.01,FALSE
1,5,27/04/2012,17170.39,FALSE
1,5,04/05/2012,18953.07,FALSE
1,5,11/05/2012,17277.63,FALSE
1,5,18/05/2012,17955.73,FALSE
1,5,25/05/2012,18625.67,FALSE
1,5,01/06/2012,17233.25,FALSE
1,5,08/06/2012,24752.99,FALSE
1,5,15/06/2012,21376.63,FALSE
1,5,22/06/2012,24337.24,FALSE
1,5,29/06/2012,20233.9,FALSE
1,5,06/07/2012,19684.48,FALSE
1,5,13/07/2012,18089.61,FALSE
1,5,20/07/2012,17896.46,FALSE
1,5,27/07/2012,14105.4,FALSE
1,5,03/08/2012,17615.28,FALSE
1,5,10/08/2012,18232.46,FALSE
1,5,17/08/2012,15440.65,FALSE
1,5,24/08/2012,22446.23,FALSE
1,5,31/08/2012,18615.76,FALSE
1,5,07/09/2012,18236.15,TRUE
1,5,14/09/2012,19369.52,FALSE
1,5,21/09/2012,25798.78,FALSE
1,5,28/09/2012,22560.39,FALSE
1,5,05/10/2012,25508.81,FALSE
1,5,12/10/2012,20920.03,FALSE
1,5,19/10/2012,20413.83,FALSE
1,5,26/10/2012,25846.94,FALSE
1,6,05/02/2010,5749.03,FALSE
1,6,12/02/2010,9135,TRUE
1,6,19/02/2010,6060.26,FALSE
1,6,26/02/2010,5244.56,FALSE
1,6,05/03/2010,4221.25,FALSE
1,6,12/03/2010,5619,FALSE
1,6,19/03/2010,4906.05,FALSE
1,6,26/03/2010,7468.33,FALSE
1,6,02/04/2010,4132.61,FALSE
1,6,09/04/2010,4428.8,FALSE
1,6,16/04/2010,5020.78,FALSE
1,6,23/04/2010,3945.19,FALSE
1,6,30/04/2010,4736.15,FALSE
1,6,07/05/2010,7477.7,FALSE
1,6,14/05/2010,6982.17,FALSE
1,6,21/05/2010,3395.75,FALSE
1,6,28/05/2010,6165.59,FALSE
1,6,04/06/2010,5484.9,FALSE
1,6,11/06/2010,4082.04,FALSE
1,6,18/06/2010,3902.26,FALSE
1,6,25/06/2010,4239.1,FALSE
1,6,02/07/2010,4541.91,FALSE
1,6,09/07/2010,4986.25,FALSE
1,6,16/07/2010,4772.7,FALSE
1,6,23/07/2010,5758.04,FALSE
1,6,30/07/2010,3932.95,FALSE
1,6,06/08/2010,4700.38,FALSE
1,6,13/08/2010,3885.01,FALSE
1,6,20/08/2010,4067.35,FALSE
1,6,27/08/2010,3389.29,FALSE
1,6,03/09/2010,3553.75,FALSE
1,6,10/09/2010,4432.69,TRUE
1,6,17/09/2010,4492.88,FALSE
1,6,24/09/2010,4601.39,FALSE
1,6,01/10/2010,2876.19,FALSE
1,6,08/10/2010,4168.36,FALSE
1,6,15/10/2010,5024.04,FALSE
1,6,22/10/2010,4291.27,FALSE
1,6,29/10/2010,5424.27,FALSE
1,6,05/11/2010,5036.99,FALSE
1,6,12/11/2010,4248.34,FALSE
1,6,19/11/2010,3507.65,FALSE
1,6,26/11/2010,20163.69,TRUE
1,6,03/12/2010,6356.96,FALSE
1,6,10/12/2010,6440.06,FALSE
1,6,17/12/2010,12078.11,FALSE
1,6,24/12/2010,28497.52,FALSE
1,6,31/12/2010,5878.25,TRUE
1,6,07/01/2011,1376.15,FALSE
1,6,14/01/2011,2355.86,FALSE
1,6,21/01/2011,2163.84,FALSE
1,6,28/01/2011,3200.68,FALSE
1,6,04/02/2011,3324.96,FALSE
1,6,11/02/2011,4542.8,TRUE
1,6,18/02/2011,4033.43,FALSE
1,6,25/02/2011,4203.87,FALSE
1,6,04/03/2011,3882.86,FALSE
1,6,11/03/2011,3928.8,FALSE
1,6,18/03/2011,2889.22,FALSE
1,6,25/03/2011,4508.3,FALSE
1,6,01/04/2011,3249.27,FALSE
1,6,08/04/2011,3340.31,FALSE
1,6,15/04/2011,3798.07,FALSE
1,6,22/04/2011,2995.07,FALSE
1,6,29/04/2011,4298.02,FALSE
1,6,06/05/2011,7213.53,FALSE
1,6,13/05/2011,4162.52,FALSE
1,6,20/05/2011,4640.76,FALSE
1,6,27/05/2011,5572.35,FALSE
1,6,03/06/2011,4021.54,FALSE
1,6,10/06/2011,3079.94,FALSE
1,6,17/06/2011,3004.81,FALSE
1,6,24/06/2011,3020.07,FALSE
1,6,01/07/2011,4047.92,FALSE
1,6,08/07/2011,3412.08,FALSE
1,6,15/07/2011,3154.33,FALSE
1,6,22/07/2011,3665.52,FALSE
1,6,29/07/2011,2839.92,FALSE
1,6,05/08/2011,2864.27,FALSE
1,6,12/08/2011,3124.83,FALSE
1,6,19/08/2011,3717.28,FALSE
1,6,26/08/2011,3296.22,FALSE
1,6,02/09/2011,3461.79,FALSE
1,6,09/09/2011,6147.43,TRUE
1,6,16/09/2011,3806.5,FALSE
1,6,23/09/2011,4718.28,FALSE
1,6,30/09/2011,3489.24,FALSE
1,6,07/10/2011,4733.74,FALSE
1,6,14/10/2011,4248.69,FALSE
1,6,21/10/2011,5111.85,FALSE
1,6,28/10/2011,6227.43,FALSE
1,6,04/11/2011,6223.03,FALSE
1,6,11/11/2011,3527.62,FALSE
1,6,18/11/2011,2640.98,FALSE
1,6,25/11/2011,18629.83,TRUE
1,6,02/12/2011,5240.63,FALSE
1,6,09/12/2011,6714.41,FALSE
1,6,16/12/2011,10022.4,FALSE
1,6,23/12/2011,18931.11,FALSE
1,6,30/12/2011,6629.6,TRUE
1,6,06/01/2012,3665.25,FALSE
1,6,13/01/2012,2460.92,FALSE
1,6,20/01/2012,2427.46,FALSE
1,6,27/01/2012,1649.4,FALSE
1,6,03/02/2012,3981.09,FALSE
1,6,10/02/2012,7338.85,TRUE
1,6,17/02/2012,4223.42,FALSE
1,6,24/02/2012,3784.06,FALSE
1,6,02/03/2012,6464.52,FALSE
1,6,09/03/2012,4183.3,FALSE
1,6,16/03/2012,3905.72,FALSE
1,6,23/03/2012,2856.83,FALSE
1,6,30/03/2012,4540.27,FALSE
1,6,06/04/2012,4764.43,FALSE
1,6,13/04/2012,4500.12,FALSE
1,6,20/04/2012,2988.96,FALSE
1,6,27/04/2012,3319.32,FALSE
1,6,04/05/2012,4658.18,FALSE
1,6,11/05/2012,3574.83,FALSE
1,6,18/05/2012,6030.81,FALSE
1,6,25/05/2012,5131.26,FALSE
1,6,01/06/2012,3249.75,FALSE
1,6,08/06/2012,4888.46,FALSE
1,6,15/06/2012,4087.58,FALSE
1,6,22/06/2012,4870.31,FALSE
1,6,29/06/2012,4774.5,FALSE
1,6,06/07/2012,2828.03,FALSE
1,6,13/07/2012,2776.97,FALSE
1,6,20/07/2012,3496.53,FALSE
1,6,27/07/2012,2545.65,FALSE
1,6,03/08/2012,3412.58,FALSE
1,6,10/08/2012,-139.65,FALSE
1,6,17/08/2012,2725.3,FALSE
1,6,24/08/2012,2626.5,FALSE
1,6,31/08/2012,2987.07,FALSE
1,6,07/09/2012,2576.64,TRUE
1,6,14/09/2012,3073.31,FALSE
1,6,21/09/2012,4159.51,FALSE
1,6,28/09/2012,3168.68,FALSE
1,6,05/10/2012,3843.29,FALSE
1,6,12/10/2012,3788.59,FALSE
1,6,19/10/2012,3496.69,FALSE
1,6,26/10/2012,4032.5,FALSE
1,7,05/02/2010,21084.08,FALSE
1,7,12/02/2010,18310.31,TRUE
1,7,19/02/2010,19985.2,FALSE
1,7,26/02/2010,17224.22,FALSE
1,7,05/03/2010,19659.7,FALSE
1,7,12/03/2010,21529.14,FALSE
1,7,19/03/2010,22711.59,FALSE
1,7,26/03/2010,16254.21,FALSE
1,7,02/04/2010,22427.62,FALSE
1,7,09/04/2010,20516.64,FALSE
1,7,16/04/2010,19330.26,FALSE
1,7,23/04/2010,18534.4,FALSE
1,7,30/04/2010,22723.48,FALSE
1,7,07/05/2010,20457.62,FALSE
1,7,14/05/2010,18771.35,FALSE
1,7,21/05/2010,28726.86,FALSE
1,7,28/05/2010,36911.59,FALSE
1,7,04/06/2010,44563.68,FALSE
1,7,11/06/2010,26910.46,FALSE
1,7,18/06/2010,26984.25,FALSE
1,7,25/06/2010,28912.18,FALSE
1,7,02/07/2010,22589,FALSE
1,7,09/07/2010,22767.34,FALSE
1,7,16/07/2010,22666.55,FALSE
1,7,23/07/2010,20029.1,FALSE
1,7,30/07/2010,17709.46,FALSE
1,7,06/08/2010,21842.57,FALSE
1,7,13/08/2010,19178.36,FALSE
1,7,20/08/2010,17821.71,FALSE
1,7,27/08/2010,16309.44,FALSE
1,7,03/09/2010,18005.65,FALSE
1,7,10/09/2010,20824.49,TRUE
1,7,17/09/2010,17397.01,FALSE
1,7,24/09/2010,18227.39,FALSE
1,7,01/10/2010,16481.79,FALSE
1,7,08/10/2010,16350.96,FALSE
1,7,15/10/2010,16296.65,FALSE
1,7,22/10/2010,15395.27,FALSE
1,7,29/10/2010,17598.98,FALSE
1,7,05/11/2010,19136.58,FALSE
1,7,12/11/2010,21019.7,FALSE
1,7,19/11/2010,24313.72,FALSE
1,7,26/11/2010,72635.06,TRUE
1,7,03/12/2010,47406.83,FALSE
1,7,10/12/2010,63896.89,FALSE
1,7,17/12/2010,96198.12,FALSE
1,7,24/12/2010,166697.72,FALSE
1,7,31/12/2010,27433.06,TRUE
1,7,07/01/2011,17516.16,FALSE
1,7,14/01/2011,10774.06,FALSE
1,7,21/01/2011,12657.33,FALSE
1,7,28/01/2011,13957.4,FALSE
1,7,04/02/2011,17239.86,FALSE
1,7,11/02/2011,21169.06,TRUE
1,7,18/02/2011,24549.68,FALSE
1,7,25/02/2011,23811.23,FALSE
1,7,04/03/2011,19607.4,FALSE
1,7,11/03/2011,20304.74,FALSE
1,7,18/03/2011,22751.59,FALSE
1,7,25/03/2011,19958,FALSE
1,7,01/04/2011,20144.71,FALSE
1,7,08/04/2011,21617.85,FALSE
1,7,15/04/2011,19955.07,FALSE
1,7,22/04/2011,24606.39,FALSE
1,7,29/04/2011,22934.42,FALSE
1,7,06/05/2011,19394,FALSE
1,7,13/05/2011,21344.39,FALSE
1,7,20/05/2011,18787.41,FALSE
1,7,27/05/2011,26736.85,FALSE
1,7,03/06/2011,38450.3,FALSE
1,7,10/06/2011,38569.49,FALSE
1,7,17/06/2011,31439.02,FALSE
1,7,24/06/2011,23791.78,FALSE
1,7,01/07/2011,23747.1,FALSE
1,7,08/07/2011,20691.6,FALSE
1,7,15/07/2011,14805.42,FALSE
1,7,22/07/2011,16002.3,FALSE
1,7,29/07/2011,16061.11,FALSE
1,7,05/08/2011,17388.43,FALSE
1,7,12/08/2011,14088.28,FALSE
1,7,19/08/2011,13413.8,FALSE
1,7,26/08/2011,12116.03,FALSE
1,7,02/09/2011,14564.8,FALSE
1,7,09/09/2011,13370.82,TRUE
1,7,16/09/2011,14948.27,FALSE
1,7,23/09/2011,14836.91,FALSE
1,7,30/09/2011,13908.4,FALSE
1,7,07/10/2011,12758.28,FALSE
1,7,14/10/2011,13900.54,FALSE
1,7,21/10/2011,24664.06,FALSE
1,7,28/10/2011,26827.51,FALSE
1,7,04/11/2011,24182.96,FALSE
1,7,11/11/2011,25942.35,FALSE
1,7,18/11/2011,21953.16,FALSE
1,7,25/11/2011,71151.34,TRUE
1,7,02/12/2011,33118.33,FALSE
1,7,09/12/2011,47751.41,FALSE
1,7,16/12/2011,69511.06,FALSE
1,7,23/12/2011,119302.15,FALSE
1,7,30/12/2011,38216.01,TRUE
1,7,06/01/2012,12377.76,FALSE
1,7,13/01/2012,9194.61,FALSE
1,7,20/01/2012,10189.61,FALSE
1,7,27/01/2012,11228.15,FALSE
1,7,03/02/2012,16556.71,FALSE
1,7,10/02/2012,21619.05,TRUE
1,7,17/02/2012,16849.62,FALSE
1,7,24/02/2012,15956.87,FALSE
1,7,02/03/2012,16473.91,FALSE
1,7,09/03/2012,17500.24,FALSE
1,7,16/03/2012,20690.01,FALSE
1,7,23/03/2012,15628.59,FALSE
1,7,30/03/2012,18684,FALSE
1,7,06/04/2012,27171.41,FALSE
1,7,13/04/2012,21302.3,FALSE
1,7,20/04/2012,19056.92,FALSE
1,7,27/04/2012,18704.53,FALSE
1,7,04/05/2012,22956.83,FALSE
1,7,11/05/2012,23036.8,FALSE
1,7,18/05/2012,19180.11,FALSE
1,7,25/05/2012,28671.98,FALSE
1,7,01/06/2012,31568.92,FALSE
1,7,08/06/2012,30052.56,FALSE
1,7,15/06/2012,26249.22,FALSE
1,7,22/06/2012,24777.12,FALSE
1,7,29/06/2012,24077.39,FALSE
1,7,06/07/2012,27364.96,FALSE
1,7,13/07/2012,18427.17,FALSE
1,7,20/07/2012,16528.1,FALSE
1,7,27/07/2012,17171.35,FALSE
1,7,03/08/2012,16916.29,FALSE
1,7,10/08/2012,16552.49,FALSE
1,7,17/08/2012,16256.91,FALSE
1,7,24/08/2012,15159.94,FALSE
1,7,31/08/2012,15802.09,FALSE
1,7,07/09/2012,16941.42,TRUE
1,7,14/09/2012,15525.82,FALSE
1,7,21/09/2012,22542.44,FALSE
1,7,28/09/2012,22343.24,FALSE
1,7,05/10/2012,22071.39,FALSE
2,7,12/10/2012,20212.71,FALSE
2,7,19/10/2012,21937.45,FALSE
2,7,26/10/2012,21449.85,FALSE
2,8,05/02/2010,40129.01,FALSE
2,8,12/02/2010,37334.83,TRUE
2,8,19/02/2010,38717.6,FALSE
2,8,26/02/2010,35318.2,FALSE
2,8,05/03/2010,38776.09,FALSE
2,8,12/03/2010,34342.64,FALSE
2,8,19/03/2010,34188.52,FALSE
2,8,26/03/2010,33581.72,FALSE
2,8,02/04/2010,38151.58,FALSE
2,8,09/04/2010,34145.96,FALSE
2,8,16/04/2010,32890.54,FALSE
2,8,23/04/2010,32946.13,FALSE
2,8,30/04/2010,34168.23,FALSE
2,8,07/05/2010,35393.78,FALSE
2,8,14/05/2010,33131.69,FALSE
2,8,21/05/2010,34442.73,FALSE
2,8,28/05/2010,35046.1,FALSE
2,8,04/06/2010,35181.47,FALSE
2,8,11/06/2010,34036.53,FALSE
2,8,18/06/2010,33387.48,FALSE
2,8,25/06/2010,33731.24,FALSE
2,8,02/07/2010,35580.01,FALSE
2,8,09/07/2010,34721.25,FALSE
2,8,16/07/2010,33171.72,FALSE
2,8,23/07/2010,34350.12,FALSE
2,8,30/07/2010,33568.19,FALSE
2,8,06/08/2010,34833.35,FALSE
2,8,13/08/2010,32326.19,FALSE
2,8,20/08/2010,32249.35,FALSE
2,8,27/08/2010,31272.68,FALSE
2,8,03/09/2010,35562.68,FALSE
2,8,10/09/2010,32737.89,TRUE
2,8,17/09/2010,33762.32,FALSE
2,8,24/09/2010,31381.97,FALSE
2,8,01/10/2010,34658.25,FALSE
2,8,08/10/2010,35966.67,FALSE
2,8,15/10/2010,33747.68,FALSE
2,8,22/10/2010,32659.74,FALSE
2,8,29/10/2010,34917.77,FALSE
2,8,05/11/2010,36182.58,FALSE
2,8,12/11/2010,35527.64,FALSE
2,8,19/11/2010,35759.26,FALSE
2,8,26/11/2010,34099.53,TRUE
2,8,03/12/2010,36222.74,FALSE
2,8,10/12/2010,35188.54,FALSE
2,8,17/12/2010,36961.11,FALSE
2,8,24/12/2010,41864,FALSE
2,8,31/12/2010,32751.73,TRUE
2,8,07/01/2011,36599.46,FALSE
2,8,14/01/2011,34228.3,FALSE
2,8,21/01/2011,34547.4,FALSE
2,8,28/01/2011,35110.75,FALSE
2,8,04/02/2011,39903.33,FALSE
2,8,11/02/2011,36011.09,TRUE
2,8,18/02/2011,35386.72,FALSE
2,8,25/02/2011,34195.37,FALSE
2,8,04/03/2011,36369.58,FALSE
2,8,11/03/2011,34415.39,FALSE
2,8,18/03/2011,33301.63,FALSE
2,8,25/03/2011,32558.92,FALSE
2,8,01/04/2011,35319.05,FALSE
2,8,08/04/2011,34442.29,FALSE
2,8,15/04/2011,32224.01,FALSE
2,8,22/04/2011,32832.06,FALSE
2,8,29/04/2011,32827.42,FALSE
2,8,06/05/2011,37360.03,FALSE
2,8,13/05/2011,34727.2,FALSE
2,8,20/05/2011,35631.59,FALSE
2,8,27/05/2011,35972.12,FALSE
2,8,03/06/2011,36767.22,FALSE
2,8,10/06/2011,36099.62,FALSE
2,8,17/06/2011,34338.33,FALSE
2,8,24/06/2011,34014.16,FALSE
2,8,01/07/2011,34063.23,FALSE
2,8,08/07/2011,35582.39,FALSE
2,8,15/07/2011,33336.29,FALSE
2,8,22/07/2011,34006.29,FALSE
2,8,29/07/2011,31981.72,FALSE
2,8,05/08/2011,35484.32,FALSE
2,8,12/08/2011,31061.21,FALSE
2,8,19/08/2011,32707.8,FALSE
2,8,26/08/2011,32668.5,FALSE
2,8,02/09/2011,34963.68,FALSE
2,8,09/09/2011,34246.67,TRUE
2,8,16/09/2011,35018.8,FALSE
2,8,23/09/2011,33157.11,FALSE
2,8,30/09/2011,34173.84,FALSE
2,8,07/10/2011,36759.96,FALSE
2,8,14/10/2011,34131.81,FALSE
2,8,21/10/2011,32631.25,FALSE
2,8,28/10/2011,34429.75,FALSE
2,8,04/11/2011,36959.48,FALSE
2,8,11/11/2011,34003.52,FALSE
2,8,18/11/2011,33169.55,FALSE
2,8,25/11/2011,33243.85,TRUE
2,8,02/12/2011,35886.92,FALSE
2,8,09/12/2011,38226.32,FALSE
2,8,16/12/2011,37149.3,FALSE
2,8,23/12/2011,41062.58,FALSE
2,8,30/12/2011,32419.78,TRUE
2,8,06/01/2012,36797,FALSE
2,8,13/01/2012,34033.89,FALSE
2,8,20/01/2012,35356.12,FALSE
2,8,27/01/2012,34644.25,FALSE
2,8,03/02/2012,40069.47,FALSE
2,8,10/02/2012,38317.89,TRUE
2,8,17/02/2012,37244.73,FALSE
2,8,24/02/2012,37204.72,FALSE
2,8,02/03/2012,40307.19,FALSE
2,8,09/03/2012,36553.82,FALSE
2,8,16/03/2012,36141.27,FALSE
2,8,23/03/2012,33758.45,FALSE
2,8,30/03/2012,37745.71,FALSE
2,8,06/04/2012,41917.56,FALSE
2,8,13/04/2012,37295.29,FALSE
2,8,20/04/2012,36930.94,FALSE
2,8,27/04/2012,38531.76,FALSE
2,8,04/05/2012,41589.1,FALSE
2,8,11/05/2012,37702.53,FALSE
2,8,18/05/2012,37817.25,FALSE
2,8,25/05/2012,39067,FALSE
2,8,01/06/2012,41039.74,FALSE
2,8,08/06/2012,40236.23,FALSE
2,8,15/06/2012,38163.76,FALSE
2,8,22/06/2012,37693.88,FALSE
2,8,29/06/2012,37647.44,FALSE
2,8,06/07/2012,41524.67,FALSE
2,8,13/07/2012,36130.01,FALSE
2,8,20/07/2012,37797.31,FALSE
2,8,27/07/2012,36981.9,FALSE
2,8,03/08/2012,40098.84,FALSE
2,8,10/08/2012,37269.92,FALSE
2,8,17/08/2012,36294.18,FALSE
2,8,24/08/2012,33855.28,FALSE
2,8,31/08/2012,37666.92,FALSE
2,8,07/09/2012,38666.21,TRUE
2,8,14/09/2012,37346.83,FALSE
2,8,21/09/2012,36404.63,FALSE
2,8,28/09/2012,37254.84,FALSE
2,8,05/10/2012,42663.75,FALSE
2,8,12/10/2012,37248.47,FALSE
2,8,19/10/2012,38668.75,FALSE
2,8,26/10/2012,39255.35,FALSE
2,9,05/02/2010,16930.99,FALSE
2,9,12/02/2010,16562.49,TRUE
2,9,19/02/2010,15880.85,FALSE
2,9,26/02/2010,15175.52,FALSE
2,9,05/03/2010,24064.7,FALSE
2,9,12/03/2010,25605.58,FALSE
2,9,19/03/2010,33367.99,FALSE
2,9,26/03/2010,27897.97,FALSE
2,9,02/04/2010,25435.02,FALSE
2,9,09/04/2010,26113.67,FALSE
2,9,16/04/2010,28782.86,FALSE
2,9,23/04/2010,24664.06,FALSE
2,9,30/04/2010,24035.42,FALSE
2,9,07/05/2010,27588.34,FALSE
2,9,14/05/2010,25385.09,FALSE
2,9,21/05/2010,27798.19,FALSE
2,9,28/05/2010,29811.88,FALSE
2,9,04/06/2010,36317.39,FALSE
2,9,11/06/2010,26789.3,FALSE
2,9,18/06/2010,24934.43,FALSE
2,9,25/06/2010,24514.39,FALSE
2,9,02/07/2010,21032.55,FALSE
2,9,09/07/2010,27298.6,FALSE
2,9,16/07/2010,19092.63,FALSE
2,9,23/07/2010,19079.5,FALSE
2,9,30/07/2010,18959.82,FALSE
2,9,06/08/2010,19224.82,FALSE
2,9,13/08/2010,18684.26,FALSE
2,9,20/08/2010,21062.68,FALSE
2,9,27/08/2010,19860.51,FALSE
2,9,03/09/2010,39639.39,FALSE
2,9,10/09/2010,40143.87,TRUE
2,9,17/09/2010,28481.77,FALSE
2,9,24/09/2010,27585.27,FALSE
2,9,01/10/2010,44977.91,FALSE
2,9,08/10/2010,35836.59,FALSE
2,9,15/10/2010,32288.91,FALSE
2,9,22/10/2010,30302.47,FALSE
2,9,29/10/2010,31330.47,FALSE
2,9,05/11/2010,48794.36,FALSE
2,9,12/11/2010,37167.49,FALSE
2,9,19/11/2010,27561.57,FALSE
2,9,26/11/2010,44504.17,TRUE
2,9,03/12/2010,21979.41,FALSE
2,9,10/12/2010,26639.65,FALSE
2,9,17/12/2010,28716.62,FALSE
2,9,24/12/2010,47275.64,FALSE
2,9,31/12/2010,22884.84,TRUE
2,9,07/01/2011,16131.88,FALSE
2,9,14/01/2011,13215.27,FALSE
2,9,21/01/2011,11355.87,FALSE
2,9,28/01/2011,13213.73,FALSE
2,9,04/02/2011,18799.82,FALSE
2,9,11/02/2011,16065.13,TRUE
2,9,18/02/2011,21941.18,FALSE
2,9,25/02/2011,24517.18,FALSE
2,9,04/03/2011,27078.81,FALSE
2,9,11/03/2011,27860.95,FALSE
2,9,18/03/2011,33823.26,FALSE
2,9,25/03/2011,37050.06,FALSE
2,9,01/04/2011,28388.25,FALSE
2,9,08/04/2011,27560.77,FALSE
2,9,15/04/2011,28475.86,FALSE
2,9,22/04/2011,28657.31,FALSE
2,9,29/04/2011,23567.09,FALSE
2,9,06/05/2011,23957.45,FALSE
2,9,13/05/2011,23424.18,FALSE
2,9,20/05/2011,23918.77,FALSE
2,9,27/05/2011,26204.22,FALSE
2,9,03/06/2011,30796.28,FALSE
2,9,10/06/2011,27241.97,FALSE
2,9,17/06/2011,23176.62,FALSE
2,9,24/06/2011,24385.11,FALSE
2,9,01/07/2011,23809.04,FALSE
2,9,08/07/2011,24644.78,FALSE
2,9,15/07/2011,17344.99,FALSE
2,9,22/07/2011,16973.16,FALSE
2,9,29/07/2011,18244.55,FALSE
2,9,05/08/2011,21425.32,FALSE
2,9,12/08/2011,18708.23,FALSE
2,9,19/08/2011,18244.5,FALSE
2,9,26/08/2011,21140.44,FALSE
2,9,02/09/2011,38656.8,FALSE
2,9,09/09/2011,35450.71,TRUE
2,9,16/09/2011,27333.83,FALSE
2,9,23/09/2011,30988.32,FALSE
2,9,30/09/2011,44042.93,FALSE
2,9,07/10/2011,41729.36,FALSE
2,9,14/10/2011,32636.66,FALSE
2,9,21/10/2011,31062.86,FALSE
2,9,28/10/2011,34679.39,FALSE
2,9,04/11/2011,50675.72,FALSE
2,9,11/11/2011,37670.13,FALSE
2,9,18/11/2011,28932.57,FALSE
2,9,25/11/2011,42228.79,TRUE
2,9,02/12/2011,23042.52,FALSE
2,9,09/12/2011,27724.56,FALSE
2,9,16/12/2011,31948.63,FALSE
2,9,23/12/2011,45445.25,FALSE
2,9,30/12/2011,27192.39,TRUE
2,9,06/01/2012,20705.21,FALSE
2,9,13/01/2012,15416.12,FALSE
2,9,20/01/2012,13332.75,FALSE
2,9,27/01/2012,14728.57,FALSE
2,9,03/02/2012,19427.31,FALSE
2,9,10/02/2012,20985.41,TRUE
2,9,17/02/2012,23867.82,FALSE
2,9,24/02/2012,25957.89,FALSE
2,9,02/03/2012,30503.3,FALSE
2,9,09/03/2012,28291.68,FALSE
2,9,16/03/2012,37941.84,FALSE
2,9,23/03/2012,33541.36,FALSE
2,9,30/03/2012,50382.47,FALSE
2,9,06/04/2012,41235.34,FALSE
2,9,13/04/2012,33136.94,FALSE
2,9,20/04/2012,28111.87,FALSE
2,9,27/04/2012,30359.94,FALSE
2,9,04/05/2012,31552.3,FALSE
2,9,11/05/2012,28043.48,FALSE
2,9,18/05/2012,26160.37,FALSE
2,9,25/05/2012,29338.57,FALSE
2,9,01/06/2012,35001.66,FALSE
2,9,08/06/2012,30307.11,FALSE
2,9,15/06/2012,30249.01,FALSE
2,9,22/06/2012,28249.43,FALSE
2,9,29/06/2012,25081.23,FALSE
2,9,06/07/2012,32851.76,FALSE
2,9,13/07/2012,21464.73,FALSE
2,9,20/07/2012,22594.18,FALSE
2,9,27/07/2012,22921.21,FALSE
2,9,03/08/2012,23780.97,FALSE
2,9,10/08/2012,20400.88,FALSE
2,9,17/08/2012,23503.86,FALSE
2,9,24/08/2012,26262.95,FALSE
2,9,31/08/2012,41634.69,FALSE
2,9,07/09/2012,42920.95,TRUE
2,9,14/09/2012,31882.98,FALSE
2,9,21/09/2012,33889.72,FALSE
2,9,28/09/2012,40712.85,FALSE
2,9,05/10/2012,40439.53,FALSE
2,9,12/10/2012,37126.23,FALSE
2,9,19/10/2012,36690.81,FALSE
2,9,26/10/2012,41040.84,FALSE
2,10,05/02/2010,30721.5,FALSE
2,10,12/02/2010,31494.77,TRUE
2,10,19/02/2010,29634.13,FALSE
2,10,26/02/2010,27921.96,FALSE
2,10,05/03/2010,33299.27,FALSE
2,10,12/03/2010,28208,FALSE
2,10,19/03/2010,33731.81,FALSE
2,10,26/03/2010,31406.96,FALSE
2,10,02/04/2010,31794.04,FALSE
2,10,09/04/2010,32486.28,FALSE
2,10,16/04/2010,32134.61,FALSE
2,10,23/04/2010,29091.15,FALSE
2,10,30/04/2010,30666.59,FALSE
2,10,07/05/2010,32902.69,FALSE
2,10,14/05/2010,26568.32,FALSE
2,10,21/05/2010,26197.6,FALSE
2,10,28/05/2010,30894.79,FALSE
2,10,04/06/2010,34227.73,FALSE
2,10,11/06/2010,28149.18,FALSE
2,10,18/06/2010,32177.66,FALSE
2,10,25/06/2010,31667.6,FALSE
2,10,02/07/2010,29779.96,FALSE
2,10,09/07/2010,33138.28,FALSE
2,10,16/07/2010,31341.38,FALSE
2,10,23/07/2010,30078.61,FALSE
2,10,30/07/2010,29613.51,FALSE
2,10,06/08/2010,35078.09,FALSE
2,10,13/08/2010,31271.9,FALSE
2,10,20/08/2010,34848.72,FALSE
2,10,27/08/2010,31692.56,FALSE
2,10,03/09/2010,33457.07,FALSE
2,10,10/09/2010,32256.12,TRUE
2,10,17/09/2010,29212.99,FALSE
2,10,24/09/2010,29097.1,FALSE
2,10,01/10/2010,29764.24,FALSE
2,10,08/10/2010,30734.05,FALSE
2,10,15/10/2010,30847.4,FALSE
2,10,22/10/2010,26805.78,FALSE
2,10,29/10/2010,25464.1,FALSE
2,10,05/11/2010,31543.83,FALSE
2,10,12/11/2010,26288.47,FALSE
2,10,19/11/2010,26066.48,FALSE
2,10,26/11/2010,31090.69,TRUE
2,10,03/12/2010,26558.42,FALSE
2,10,10/12/2010,28569.66,FALSE
2,10,17/12/2010,28609,FALSE
2,10,24/12/2010,31325.61,FALSE
2,10,31/12/2010,25764.32,TRUE
2,10,07/01/2011,24500.27,FALSE
2,10,14/01/2011,23058.41,FALSE
2,10,21/01/2011,23852.51,FALSE
2,10,28/01/2011,26223.02,FALSE
2,10,04/02/2011,33036.92,FALSE
2,10,11/02/2011,35673.56,TRUE
2,10,18/02/2011,34655.18,FALSE
2,10,25/02/2011,33148.39,FALSE
2,10,04/03/2011,36246.52,FALSE
2,10,11/03/2011,31563.06,FALSE
2,10,18/03/2011,33739.79,FALSE
2,10,25/03/2011,42875.11,FALSE
2,10,01/04/2011,30863.93,FALSE
2,10,08/04/2011,32563.54,FALSE
2,10,15/04/2011,32040.83,FALSE
2,10,22/04/2011,34446.35,FALSE
2,10,29/04/2011,28188.01,FALSE
2,10,06/05/2011,28902.6,FALSE
2,10,13/05/2011,28848.69,FALSE
2,10,20/05/2011,28586.42,FALSE
2,10,27/05/2011,30235.6,FALSE
2,10,03/06/2011,35960.03,FALSE
2,10,10/06/2011,31578.41,FALSE
2,10,17/06/2011,31612.86,FALSE
2,10,24/06/2011,29831.79,FALSE
2,10,01/07/2011,29583.91,FALSE
2,10,08/07/2011,31714.81,FALSE
2,10,15/07/2011,28299.95,FALSE
2,10,22/07/2011,29459.23,FALSE
2,10,29/07/2011,30521.96,FALSE
2,10,05/08/2011,32548.48,FALSE
2,10,12/08/2011,31383.62,FALSE
2,10,19/08/2011,28909.06,FALSE
2,10,26/08/2011,30630.65,FALSE
2,10,02/09/2011,30606.87,FALSE
2,10,09/09/2011,31416.52,TRUE
2,10,16/09/2011,32147.59,FALSE
2,10,23/09/2011,27300.29,FALSE
2,10,30/09/2011,31036.88,FALSE
2,10,07/10/2011,31083.31,FALSE
2,10,14/10/2011,30888.69,FALSE
2,10,21/10/2011,28827.99,FALSE
2,10,28/10/2011,28349.42,FALSE
2,10,04/11/2011,31588.66,FALSE
2,10,11/11/2011,32346.54,FALSE
2,10,18/11/2011,28013.63,FALSE
2,10,25/11/2011,30877.51,TRUE
2,10,02/12/2011,32006.18,FALSE
2,10,09/12/2011,31747.07,FALSE
2,10,16/12/2011,30816.81,FALSE
2,10,23/12/2011,30434.19,FALSE
2,10,30/12/2011,26147.46,TRUE
2,10,06/01/2012,29927.33,FALSE
2,10,13/01/2012,23995.69,FALSE
2,10,20/01/2012,25331.83,FALSE
2,10,27/01/2012,23650.22,FALSE
2,10,03/02/2012,33524.28,FALSE
2,10,10/02/2012,37764.38,TRUE
2,10,17/02/2012,40409.5,FALSE
2,10,24/02/2012,37507.44,FALSE
2,10,02/03/2012,39036.14,FALSE
2,10,09/03/2012,34858.03,FALSE
2,10,16/03/2012,33405.1,FALSE
2,10,23/03/2012,33327.09,FALSE
2,10,30/03/2012,43718.05,FALSE
2,10,06/04/2012,36666.29,FALSE
2,10,13/04/2012,29709.53,FALSE
2,10,20/04/2012,30838.26,FALSE
2,10,27/04/2012,29433.27,FALSE
2,10,04/05/2012,35800.66,FALSE
2,10,11/05/2012,32271.72,FALSE
2,10,18/05/2012,30339.17,FALSE
2,10,25/05/2012,34203.35,FALSE
2,10,01/06/2012,37294.14,FALSE
2,10,08/06/2012,36155.27,FALSE
2,10,15/06/2012,32578.62,FALSE
2,10,22/06/2012,32851.06,FALSE
2,10,29/06/2012,33135.34,FALSE
2,10,06/07/2012,39189.33,FALSE
2,10,13/07/2012,31430.55,FALSE
2,10,20/07/2012,29187.22,FALSE
2,10,27/07/2012,30594.53,FALSE
2,10,03/08/2012,32794.21,FALSE
2,10,10/08/2012,33834.22,FALSE
2,10,17/08/2012,29723.55,FALSE
2,10,24/08/2012,27884.19,FALSE
2,10,31/08/2012,28490.93,FALSE
2,10,07/09/2012,30851.75,TRUE
2,10,14/09/2012,31705.09,FALSE
2,10,21/09/2012,29203.63,FALSE
2,10,28/09/2012,27205.4,FALSE
2,10,05/10/2012,27822.4,FALSE
2,10,12/10/2012,27803.78,FALSE
2,10,19/10/2012,29442.38,FALSE
2,10,26/10/2012,26285.27,FALSE
2,11,05/02/2010,24213.18,FALSE
2,11,12/02/2010,21760.75,TRUE
2,11,19/02/2010,18706.21,FALSE
2,11,26/02/2010,17306.61,FALSE
2,11,05/03/2010,19082.9,FALSE
2,11,12/03/2010,17864.32,FALSE
2,11,19/03/2010,19738.42,FALSE
2,11,26/03/2010,17592.13,FALSE
2,11,02/04/2010,21762.46,FALSE
2,11,09/04/2010,22186.81,FALSE
2,11,16/04/2010,19991.95,FALSE
2,11,23/04/2010,17349.9,FALSE
2,11,30/04/2010,20001.75,FALSE
2,11,07/05/2010,28928.31,FALSE
2,11,14/05/2010,23301.17,FALSE
2,11,21/05/2010,27266.41,FALSE
2,11,28/05/2010,28393.85,FALSE
2,11,04/06/2010,36263.69,FALSE
2,11,11/06/2010,26806.72,FALSE
2,11,18/06/2010,34807.01,FALSE
2,11,25/06/2010,39460.59,FALSE
2,11,02/07/2010,26880.74,FALSE
2,11,09/07/2010,27604.86,FALSE
2,11,16/07/2010,27781.28,FALSE
2,11,23/07/2010,28115.79,FALSE
2,11,30/07/2010,26789.66,FALSE
2,11,06/08/2010,37289.02,FALSE
2,11,13/08/2010,30250.16,FALSE
2,11,20/08/2010,31789.86,FALSE
2,11,27/08/2010,21282.09,FALSE
2,11,03/09/2010,17303.3,FALSE
2,11,10/09/2010,16107.93,TRUE
2,11,17/09/2010,16553.48,FALSE
2,11,24/09/2010,16215.81,FALSE
2,11,01/10/2010,16227.08,FALSE
2,11,08/10/2010,19605.53,FALSE
2,11,15/10/2010,17361.19,FALSE
2,11,22/10/2010,16165.56,FALSE
2,11,29/10/2010,18038.28,FALSE
2,11,05/11/2010,25063.26,FALSE
2,11,12/11/2010,21880.47,FALSE
2,11,19/11/2010,23243.67,FALSE
2,11,26/11/2010,30865.64,TRUE
2,11,03/12/2010,29564.78,FALSE
2,11,10/12/2010,27581.07,FALSE
2,11,17/12/2010,28597.5,FALSE
2,11,24/12/2010,32696.55,FALSE
2,11,31/12/2010,22443.1,TRUE
2,11,07/01/2011,22496.85,FALSE
2,11,14/01/2011,33958.52,FALSE
2,11,21/01/2011,20886.48,FALSE
2,11,28/01/2011,20041.24,FALSE
2,11,04/02/2011,24741.6,FALSE
2,11,11/02/2011,17711.78,TRUE
2,11,18/02/2011,18671.75,FALSE
2,11,25/02/2011,19421.42,FALSE
2,11,04/03/2011,20777.31,FALSE
2,11,11/03/2011,18717.53,FALSE
2,11,18/03/2011,21683.76,FALSE
2,11,25/03/2011,26730.15,FALSE
2,11,01/04/2011,22642.55,FALSE
2,11,08/04/2011,24591.84,FALSE
2,11,15/04/2011,25526.24,FALSE
2,11,22/04/2011,25703.25,FALSE
2,11,29/04/2011,24975.38,FALSE
2,11,06/05/2011,23607.73,FALSE
2,11,13/05/2011,25332.93,FALSE
2,11,20/05/2011,19511.5,FALSE
2,11,27/05/2011,27201.64,FALSE
2,11,03/06/2011,38594.85,FALSE
2,11,10/06/2011,41413.29,FALSE
2,11,17/06/2011,35902.81,FALSE
2,11,24/06/2011,35028.61,FALSE
2,11,01/07/2011,33808.27,FALSE
2,11,08/07/2011,31642.79,FALSE
2,11,15/07/2011,37603.73,FALSE
2,11,22/07/2011,33734.44,FALSE
2,11,29/07/2011,31884.24,FALSE
2,11,05/08/2011,33020.31,FALSE
2,11,12/08/2011,23696.66,FALSE
2,11,19/08/2011,18661.68,FALSE
2,11,26/08/2011,19767.53,FALSE
2,11,02/09/2011,20626.08,FALSE
2,11,09/09/2011,20208.4,TRUE
2,11,16/09/2011,19000.25,FALSE
2,11,23/09/2011,17228.02,FALSE
2,11,30/09/2011,18094.24,FALSE
2,11,07/10/2011,21646.32,FALSE
2,11,14/10/2011,19513.63,FALSE
2,11,21/10/2011,22029.81,FALSE
2,11,28/10/2011,20051.11,FALSE
2,11,04/11/2011,27469.93,FALSE
2,11,11/11/2011,23541.72,FALSE
2,11,18/11/2011,21412.74,FALSE
2,11,25/11/2011,28315.7,TRUE
2,11,02/12/2011,33129.25,FALSE
2,11,09/12/2011,38807.31,FALSE
2,11,16/12/2011,27918.08,FALSE
2,11,23/12/2011,31435.36,FALSE
2,11,30/12/2011,24030.39,TRUE
2,11,06/01/2012,25666.34,FALSE
2,11,13/01/2012,24493.4,FALSE
2,11,20/01/2012,20707.62,FALSE
2,11,27/01/2012,17860.35,FALSE
2,11,03/02/2012,22429.17,FALSE
2,11,10/02/2012,25933.04,TRUE
2,11,17/02/2012,26269.87,FALSE
2,11,24/02/2012,21750.64,FALSE
2,11,02/03/2012,23286.46,FALSE
2,11,09/03/2012,23169.16,FALSE
2,11,16/03/2012,24841.76,FALSE
2,11,23/03/2012,24350.67,FALSE
2,11,30/03/2012,25231.25,FALSE
2,11,06/04/2012,28971.93,FALSE
2,11,13/04/2012,21874.45,FALSE
2,11,20/04/2012,21787.83,FALSE
2,11,27/04/2012,20710.01,FALSE
2,11,04/05/2012,31670.38,FALSE
2,11,11/05/2012,28842.32,FALSE
2,11,18/05/2012,23346.03,FALSE
2,11,25/05/2012,26925.54,FALSE
2,11,01/06/2012,32406.68,FALSE
2,11,08/06/2012,35861.22,FALSE
2,11,15/06/2012,27802.84,FALSE
2,11,22/06/2012,26407.67,FALSE
2,11,29/06/2012,44553.45,FALSE
2,11,06/07/2012,36266.25,FALSE
2,11,13/07/2012,25922.59,FALSE
2,11,20/07/2012,26026.46,FALSE
2,11,27/07/2012,33443.23,FALSE
2,11,03/08/2012,27759.99,FALSE
2,11,10/08/2012,24145.93,FALSE
2,11,17/08/2012,20281.68,FALSE
2,11,24/08/2012,20462.68,FALSE
2,11,31/08/2012,21103.42,FALSE
2,11,07/09/2012,23338.99,TRUE
2,11,14/09/2012,17027.47,FALSE
2,11,21/09/2012,18161.43,FALSE
2,11,28/09/2012,17242.78,FALSE
2,11,05/10/2012,22374.18,FALSE
2,11,12/10/2012,21857.09,FALSE
2,11,19/10/2012,18259.82,FALSE
2,11,26/10/2012,22399.83,FALSE
2,12,05/02/2010,8449.54,FALSE
2,12,12/02/2010,8654.07,TRUE
2,12,19/02/2010,9165.98,FALSE
2,12,26/02/2010,9015.37,FALSE
2,12,05/03/2010,10239.06,FALSE
2,12,12/03/2010,12386.15,FALSE
2,12,19/03/2010,12917.55,FALSE
2,12,26/03/2010,11865.53,FALSE
2,12,02/04/2010,12033.5,FALSE
2,12,09/04/2010,10109,FALSE
2,12,16/04/2010,11187.99,FALSE
2,12,23/04/2010,11556.42,FALSE
2,12,30/04/2010,10651.84,FALSE
2,12,07/05/2010,12761.39,FALSE
2,12,14/05/2010,9540.54,FALSE
2,12,21/05/2010,12235.62,FALSE
2,12,28/05/2010,11876.34,FALSE
2,12,04/06/2010,13358.92,FALSE
2,12,11/06/2010,10889.4,FALSE
2,12,18/06/2010,11629.41,FALSE
2,12,25/06/2010,10562.29,FALSE
2,12,02/07/2010,10720.79,FALSE
2,12,09/07/2010,11287.52,FALSE
2,12,16/07/2010,10239.51,FALSE
2,12,23/07/2010,11743.8,FALSE
2,12,30/07/2010,11634.37,FALSE
2,12,06/08/2010,12887.52,FALSE
2,12,13/08/2010,13294,FALSE
2,12,20/08/2010,10119.6,FALSE
2,12,27/08/2010,9844.07,FALSE
2,12,03/09/2010,11239.43,FALSE
2,12,10/09/2010,10724.56,TRUE
2,12,17/09/2010,9974.03,FALSE
2,12,24/09/2010,9705.47,FALSE
2,12,01/10/2010,9759.85,FALSE
2,12,08/10/2010,11883.66,FALSE
2,12,15/10/2010,11031.93,FALSE
2,12,22/10/2010,11604.42,FALSE
2,12,29/10/2010,9128.2,FALSE
2,12,05/11/2010,9345.99,FALSE
2,12,12/11/2010,11313.89,FALSE
2,12,19/11/2010,7984.58,FALSE
2,12,26/11/2010,9619.81,TRUE
2,12,03/12/2010,7943.22,FALSE
2,12,10/12/2010,7204.15,FALSE
2,12,17/12/2010,7231.92,FALSE
2,12,24/12/2010,7324.7,FALSE
2,12,31/12/2010,6912.95,TRUE
2,12,07/01/2011,8022.82,FALSE
2,12,14/01/2011,6639.08,FALSE
2,12,21/01/2011,6605.12,FALSE
2,12,28/01/2011,7786.87,FALSE
2,12,04/02/2011,8254.27,FALSE
2,12,11/02/2011,7642.11,TRUE
2,12,18/02/2011,11484.78,FALSE
2,12,25/02/2011,10804.61,FALSE
2,12,04/03/2011,12618.52,FALSE
2,12,11/03/2011,11762.08,FALSE
2,12,18/03/2011,15560.17,FALSE
2,12,25/03/2011,12222.77,FALSE
2,12,01/04/2011,11871.94,FALSE
2,12,08/04/2011,12543.92,FALSE
2,12,15/04/2011,12822.2,FALSE
2,12,22/04/2011,13447.09,FALSE
2,12,29/04/2011,9874.94,FALSE
2,12,06/05/2011,11747.79,FALSE
2,12,13/05/2011,12272.92,FALSE
2,12,20/05/2011,14387.22,FALSE
2,12,27/05/2011,11961.81,FALSE
2,12,03/06/2011,13346.63,FALSE
2,12,10/06/2011,12643.1,FALSE
2,12,17/06/2011,10327.88,FALSE
2,12,24/06/2011,10438.17,FALSE
2,12,01/07/2011,11414.72,FALSE
2,12,08/07/2011,12384.1,FALSE
2,12,15/07/2011,10046,FALSE
2,12,22/07/2011,11455.24,FALSE
2,12,29/07/2011,11641.86,FALSE
2,12,05/08/2011,10145.97,FALSE
2,12,12/08/2011,11581.03,FALSE
2,12,19/08/2011,10094.04,FALSE
2,12,26/08/2011,8594.52,FALSE
2,12,02/09/2011,10325.4,FALSE
2,12,09/09/2011,10927.54,TRUE
2,12,16/09/2011,10392.19,FALSE
2,12,23/09/2011,9501.54,FALSE
2,12,30/09/2011,7457.24,FALSE
2,12,07/10/2011,11240.29,FALSE
2,12,14/10/2011,12223.55,FALSE
2,12,21/10/2011,11380.28,FALSE
2,12,28/10/2011,10418.23,FALSE
2,12,04/11/2011,9964.78,FALSE
2,12,11/11/2011,10216.64,FALSE
2,12,18/11/2011,9872.05,FALSE
2,12,25/11/2011,7816.44,TRUE
2,12,02/12/2011,7587.6,FALSE
2,12,09/12/2011,8014.5,FALSE
2,12,16/12/2011,7784.82,FALSE
2,12,23/12/2011,8311.17,FALSE
2,12,30/12/2011,7699,TRUE
2,12,06/01/2012,7634.97,FALSE
2,12,13/01/2012,8111.01,FALSE
2,12,20/01/2012,9296.13,FALSE
2,12,27/01/2012,8229.77,FALSE
2,12,03/02/2012,9612.87,FALSE
2,12,10/02/2012,9587.35,TRUE
2,12,17/02/2012,9262.33,FALSE
2,12,24/02/2012,11284.27,FALSE
2,12,02/03/2012,11994.48,FALSE
2,12,09/03/2012,11947.03,FALSE
2,12,16/03/2012,12178.8,FALSE
2,12,23/03/2012,11448.84,FALSE
2,12,30/03/2012,12109.21,FALSE
2,12,06/04/2012,10747.37,FALSE
2,12,13/04/2012,10565.39,FALSE
2,12,20/04/2012,11730.26,FALSE
2,12,27/04/2012,11746.83,FALSE
2,12,04/05/2012,12338.08,FALSE
2,12,11/05/2012,11420.63,FALSE
2,12,18/05/2012,10199.01,FALSE
2,12,25/05/2012,12748.13,FALSE
2,12,01/06/2012,11542.81,FALSE
2,12,08/06/2012,10742.68,FALSE
2,12,15/06/2012,11177.52,FALSE
2,12,22/06/2012,9606.33,FALSE
2,12,29/06/2012,11816.35,FALSE
2,12,06/07/2012,13887.61,FALSE
2,12,13/07/2012,9318.1,FALSE
2,12,20/07/2012,12565.06,FALSE
2,12,27/07/2012,11109.25,FALSE
2,12,03/08/2012,11298.13,FALSE
2,12,10/08/2012,10605.66,FALSE
2,12,17/08/2012,11447.03,FALSE
2,12,24/08/2012,10723.59,FALSE
2,12,31/08/2012,10591.46,FALSE
2,12,07/09/2012,12566.45,TRUE
2,12,14/09/2012,10484.08,FALSE
2,12,21/09/2012,9448.14,FALSE
2,12,28/09/2012,11013.77,FALSE
2,12,05/10/2012,10037.09,FALSE
2,12,12/10/2012,8983.82,FALSE
2,12,19/10/2012,10830.48,FALSE
2,12,26/10/2012,8658.41,FALSE
2,13,05/02/2010,41969.29,FALSE
2,13,12/02/2010,36476.4,TRUE
2,13,19/02/2010,37857.68,FALSE
2,13,26/02/2010,37467.32,FALSE
2,13,05/03/2010,40423.95,FALSE
2,13,12/03/2010,35833.07,FALSE
2,13,19/03/2010,36807.21,FALSE
2,13,26/03/2010,35431.73,FALSE
2,13,02/04/2010,38104.53,FALSE
2,13,09/04/2010,37638.44,FALSE
2,13,16/04/2010,36663.26,FALSE
2,13,23/04/2010,36058.1,FALSE
2,13,30/04/2010,36717.2,FALSE
2,13,07/05/2010,40113.4,FALSE
2,13,14/05/2010,36499.93,FALSE
2,13,21/05/2010,38569.83,FALSE
2,13,28/05/2010,38347.52,FALSE
2,13,04/06/2010,41388.81,FALSE
2,13,11/06/2010,39657.1,FALSE
2,13,18/06/2010,39165.29,FALSE
2,13,25/06/2010,38697.24,FALSE
2,13,02/07/2010,41214.94,FALSE
2,13,09/07/2010,41056.4,FALSE
2,13,16/07/2010,40150,FALSE
2,13,23/07/2010,40552.37,FALSE
2,13,30/07/2010,38018.99,FALSE
2,13,06/08/2010,42038.03,FALSE
2,13,13/08/2010,37869.12,FALSE
2,13,20/08/2010,41509.62,FALSE
2,13,27/08/2010,41175.86,FALSE
2,13,03/09/2010,44863.15,FALSE
2,13,10/09/2010,39525.93,TRUE
2,13,17/09/2010,38416.22,FALSE
2,13,24/09/2010,37293.43,FALSE
2,13,01/10/2010,40474.22,FALSE
2,13,08/10/2010,42139.25,FALSE
2,13,15/10/2010,38749.62,FALSE
2,13,22/10/2010,34712.4,FALSE
2,13,29/10/2010,37762.12,FALSE
2,13,05/11/2010,41085.66,FALSE
2,13,12/11/2010,36817.35,FALSE
2,13,19/11/2010,38446.26,FALSE
2,13,26/11/2010,38371.99,TRUE
2,13,03/12/2010,36170.88,FALSE
2,13,10/12/2010,34749.11,FALSE
2,13,17/12/2010,35237.93,FALSE
2,13,24/12/2010,37099.47,FALSE
2,13,31/12/2010,34081.52,TRUE
2,13,07/01/2011,39764.56,FALSE
2,13,14/01/2011,33668.55,FALSE
2,13,21/01/2011,35961.99,FALSE
2,13,28/01/2011,36321.69,FALSE
2,13,04/02/2011,38065.42,FALSE
2,13,11/02/2011,36883.13,TRUE
2,13,18/02/2011,37604.79,FALSE
2,13,25/02/2011,37838.4,FALSE
2,13,04/03/2011,42277.37,FALSE
2,13,11/03/2011,37577.97,FALSE
2,13,18/03/2011,36930.48,FALSE
2,13,25/03/2011,36745.46,FALSE
2,13,01/04/2011,37630.13,FALSE
2,13,08/04/2011,38076.86,FALSE
2,13,15/04/2011,35263.45,FALSE
2,13,22/04/2011,35464.71,FALSE
2,13,29/04/2011,34311.69,FALSE
2,13,06/05/2011,40581.52,FALSE
2,13,13/05/2011,35378.71,FALSE
2,13,20/05/2011,35816.48,FALSE
2,13,27/05/2011,36203.13,FALSE
2,13,03/06/2011,39884.82,FALSE
2,13,10/06/2011,38080.39,FALSE
2,13,17/06/2011,39020.06,FALSE
2,13,24/06/2011,37316.12,FALSE
2,13,01/07/2011,37414.14,FALSE
2,13,08/07/2011,38193.09,FALSE
2,13,15/07/2011,36966.32,FALSE
2,13,22/07/2011,37990.15,FALSE
2,13,29/07/2011,34910.1,FALSE
2,13,05/08/2011,42542.66,FALSE
2,13,12/08/2011,37593.97,FALSE
2,13,19/08/2011,38533.7,FALSE
2,13,26/08/2011,38727.3,FALSE
2,13,02/09/2011,42713.81,FALSE
2,13,09/09/2011,38045.63,TRUE
2,13,16/09/2011,38382.65,FALSE
2,13,23/09/2011,37645.66,FALSE
2,13,30/09/2011,37928.28,FALSE
2,13,07/10/2011,41151.28,FALSE
2,13,14/10/2011,37531.43,FALSE
2,13,21/10/2011,38272.21,FALSE
2,13,28/10/2011,37117.02,FALSE
2,13,04/11/2011,41907.62,FALSE
2,13,11/11/2011,37255.89,FALSE
2,13,18/11/2011,37077.82,FALSE
2,13,25/11/2011,38625.48,TRUE
2,13,02/12/2011,37507.93,FALSE
2,13,09/12/2011,36404.7,FALSE
2,13,16/12/2011,32782.17,FALSE
2,13,23/12/2011,36950.91,FALSE
2,13,30/12/2011,32871.95,TRUE
2,13,06/01/2012,41411.4,FALSE
2,13,13/01/2012,38000.25,FALSE
2,13,20/01/2012,37433.66,FALSE
2,13,27/01/2012,34312.26,FALSE
2,13,03/02/2012,43478.58,FALSE
2,13,10/02/2012,43041.97,TRUE
2,13,17/02/2012,38622.92,FALSE
2,13,24/02/2012,40079.43,FALSE
2,13,02/03/2012,44565.32,FALSE
2,13,09/03/2012,40001.72,FALSE
2,13,16/03/2012,38322.83,FALSE
2,13,23/03/2012,37801.64,FALSE
2,13,30/03/2012,38696.88,FALSE
2,13,06/04/2012,44270.3,FALSE
2,13,13/04/2012,39099.61,FALSE
2,13,20/04/2012,39499.85,FALSE
2,13,27/04/2012,39077.84,FALSE
2,13,04/05/2012,43561.17,FALSE
2,13,11/05/2012,38895.18,FALSE
2,13,18/05/2012,37857.88,FALSE
2,13,25/05/2012,38541.76,FALSE
2,13,01/06/2012,41462.8,FALSE
2,13,08/06/2012,42304.47,FALSE
2,13,15/06/2012,39024.74,FALSE
2,13,22/06/2012,38945,FALSE
2,13,29/06/2012,40099.49,FALSE
2,13,06/07/2012,43326.92,FALSE
2,13,13/07/2012,39276.05,FALSE
2,13,20/07/2012,39396.59,FALSE
2,13,27/07/2012,37423.21,FALSE
2,13,03/08/2012,44708.45,FALSE
2,13,10/08/2012,42241.23,FALSE
2,13,17/08/2012,41658.4,FALSE
2,13,24/08/2012,39231.62,FALSE
2,13,31/08/2012,40940.78,FALSE
2,13,07/09/2012,44373.19,TRUE
2,13,14/09/2012,38759.47,FALSE
2,13,21/09/2012,39746.87,FALSE
2,13,28/09/2012,39793.41,FALSE
2,13,05/10/2012,43746.89,FALSE
2,13,12/10/2012,38015.36,FALSE
2,13,19/10/2012,38341.15,FALSE
2,13,26/10/2012,38512.48,FALSE
2,14,05/02/2010,19466.91,FALSE
2,14,12/02/2010,18129.02,TRUE
2,14,19/02/2010,17491.36,FALSE
2,14,26/02/2010,16118.26,FALSE
2,14,05/03/2010,18268.78,FALSE
2,14,12/03/2010,15331.75,FALSE
2,14,19/03/2010,12738.78,FALSE
2,14,26/03/2010,12832.47,FALSE
2,14,02/04/2010,14333.75,FALSE
2,14,09/04/2010,12874.07,FALSE
2,14,16/04/2010,12309.14,FALSE
2,14,23/04/2010,12749.37,FALSE
2,14,30/04/2010,12172.32,FALSE
2,14,07/05/2010,14460.84,FALSE
2,14,14/05/2010,14678.22,FALSE
2,14,21/05/2010,11480.15,FALSE
2,14,28/05/2010,12218.11,FALSE
2,14,04/06/2010,14491.35,FALSE
2,14,11/06/2010,13516.74,FALSE
2,14,18/06/2010,12693.5,FALSE
2,14,25/06/2010,12979.99,FALSE
2,14,02/07/2010,13494.79,FALSE
2,14,09/07/2010,15032.03,FALSE
2,14,16/07/2010,13550.19,FALSE
2,14,23/07/2010,11945.81,FALSE
2,14,30/07/2010,12421.92,FALSE
2,14,06/08/2010,14404.15,FALSE
2,14,13/08/2010,13579.21,FALSE
2,14,20/08/2010,13260.23,FALSE
2,14,27/08/2010,13387.21,FALSE
2,14,03/09/2010,13995.39,FALSE
2,14,10/09/2010,12884.22,TRUE
2,14,17/09/2010,13783.27,FALSE
2,14,24/09/2010,11847.72,FALSE
2,14,01/10/2010,12943.86,FALSE
2,14,08/10/2010,12108.86,FALSE
2,14,15/10/2010,13215.64,FALSE
2,14,22/10/2010,11895.44,FALSE
2,14,29/10/2010,11955.77,FALSE
2,14,05/11/2010,14092.03,FALSE
2,14,12/11/2010,13837.16,FALSE
2,14,19/11/2010,19788.98,FALSE
2,14,26/11/2010,38256.98,TRUE
2,14,03/12/2010,17685.93,FALSE
2,14,10/12/2010,19587.66,FALSE
2,14,17/12/2010,28642.28,FALSE
2,14,24/12/2010,47983.72,FALSE
2,14,31/12/2010,21835.25,TRUE
2,14,07/01/2011,17744.78,FALSE
2,14,14/01/2011,13608.44,FALSE
2,14,21/01/2011,12889.88,FALSE
2,14,28/01/2011,11687.25,FALSE
2,14,04/02/2011,14051.43,FALSE
2,14,11/02/2011,15647.59,TRUE
2,14,18/02/2011,17304.81,FALSE
2,14,25/02/2011,15411.12,FALSE
2,14,04/03/2011,17281.12,FALSE
2,14,11/03/2011,14490.48,FALSE
2,14,18/03/2011,14287.28,FALSE
2,14,25/03/2011,14006.9,FALSE
2,14,01/04/2011,13136.1,FALSE
2,14,08/04/2011,14454.19,FALSE
2,14,15/04/2011,12151.4,FALSE
2,14,22/04/2011,12478.19,FALSE
2,14,29/04/2011,13429.28,FALSE
2,14,06/05/2011,15820.88,FALSE
2,14,13/05/2011,15385.02,FALSE
2,14,20/05/2011,13166.43,FALSE
2,14,27/05/2011,12746.66,FALSE
2,14,03/06/2011,13056.1,FALSE
2,14,10/06/2011,11795.34,FALSE
2,14,17/06/2011,12884.03,FALSE
2,14,24/06/2011,13580.61,FALSE
2,14,01/07/2011,13459.55,FALSE
2,14,08/07/2011,11578.97,FALSE
2,14,15/07/2011,11404.37,FALSE
2,14,22/07/2011,11681.04,FALSE
2,14,29/07/2011,9918.05,FALSE
2,14,05/08/2011,13330.04,FALSE
2,14,12/08/2011,12652.58,FALSE
2,14,19/08/2011,11724.24,FALSE
2,14,26/08/2011,14364.42,FALSE
2,14,02/09/2011,12708.18,FALSE
2,14,09/09/2011,13550.53,TRUE
2,14,16/09/2011,13166.76,FALSE
2,14,23/09/2011,11558.22,FALSE
2,14,30/09/2011,14027.83,FALSE
2,14,07/10/2011,12766.52,FALSE
2,14,14/10/2011,13440.89,FALSE
2,14,21/10/2011,12476.8,FALSE
2,14,28/10/2011,13031.03,FALSE
2,14,04/11/2011,13634.48,FALSE
2,14,11/11/2011,14903.78,FALSE
2,14,18/11/2011,17803.49,FALSE
2,14,25/11/2011,39773.89,TRUE
2,14,02/12/2011,18110.97,FALSE
2,14,09/12/2011,23852.42,FALSE
2,14,16/12/2011,28845.68,FALSE
2,14,23/12/2011,46096.24,FALSE
2,14,30/12/2011,25846.86,TRUE
2,14,06/01/2012,14585.64,FALSE
2,14,13/01/2012,14311.83,FALSE
2,14,20/01/2012,12695.7,FALSE
2,14,27/01/2012,12684.05,FALSE
2,14,03/02/2012,15583.82,FALSE
2,14,10/02/2012,18292.4,TRUE
2,14,17/02/2012,21324.12,FALSE
2,14,24/02/2012,18574.25,FALSE
2,14,02/03/2012,19412.26,FALSE
2,14,09/03/2012,16528.29,FALSE
2,14,16/03/2012,12757.86,FALSE
2,14,23/03/2012,12771.12,FALSE
2,14,30/03/2012,14690.27,FALSE
2,14,06/04/2012,15652.72,FALSE
2,14,13/04/2012,14933.13,FALSE
2,14,20/04/2012,13575.69,FALSE
2,14,27/04/2012,14904.8,FALSE
2,14,04/05/2012,16193.63,FALSE
2,14,11/05/2012,15537.79,FALSE
2,14,18/05/2012,16326.55,FALSE
2,14,25/05/2012,14186.59,FALSE
2,14,01/06/2012,14903.87,FALSE
2,14,08/06/2012,12858.85,FALSE
2,14,15/06/2012,14117.36,FALSE
2,14,22/06/2012,13158.38,FALSE
2,14,29/06/2012,16958.84,FALSE
2,14,06/07/2012,19019.04,FALSE
2,14,13/07/2012,14332.72,FALSE
2,14,20/07/2012,12083.33,FALSE
2,14,27/07/2012,12706.52,FALSE
2,14,03/08/2012,13423.3,FALSE
2,14,10/08/2012,12434.69,FALSE
2,14,17/08/2012,12419.06,FALSE
2,14,24/08/2012,11041.63,FALSE
2,14,31/08/2012,12912.96,FALSE
2,14,07/09/2012,13711.08,TRUE
2,14,14/09/2012,11596.1,FALSE
2,14,21/09/2012,12193.8,FALSE
2,14,28/09/2012,12037.66,FALSE
